"","nom_sirops","correlation"
"1","MDD","0.434834872979518"
"3","T","0.496542766076634"
"2","MDV","0.634435444610627"
